"Reference","Qty","Value","DNP","Exclude from BOM","Exclude from Board","Footprint","Datasheet"
"C1,C2,C3,C4,C5,C6,C7,C8,C9,C10,C11,C13","12","100n","","","","Capacitor_SMD:C_0402_1005Metric","~"
"C12,C14,C15,C16,C27,C28","6","4.7u","","","","Capacitor_SMD:C_0402_1005Metric","~"
"C17,C18","2","15p","","","","Capacitor_SMD:C_0402_1005Metric","~"
"C19,C20,C21,C22,C23,C24,C25,C26,C29,C30,C31,C32","12","1u","","","","Capacitor_SMD:C_0402_1005Metric","~"
"C33","1","22u","","","","Capacitor_SMD:C_0402_1005Metric","~"
"C34","1","0.1u","","","","Capacitor_SMD:C_0402_1005Metric","~"
"C35,C36,C37","3","100u","","","","Capacitor_SMD:C_1206_3216Metric","~"
"C38,C39","2","10u","","","","Capacitor_SMD:C_0402_1005Metric","~"
"D1,D2,D3","3","MBR0530","","","","Diode_SMD:D_SOD-123","http://www.mccsemi.com/up_pdf/MBR0520~MBR0580(SOD123).pdf"
"J1","1","Micro_SD_Card","","","","Connector_Card:microSD_HC_Hirose_DM3D-SF","https://www.we-online.com/components/products/datasheet/693072010801.pdf"
"J2","1","AudioJack3","","","","Connector_Audio:Jack_3.5mm_CUI_SJ-3523-SMT_Horizontal","~"
"J3","1","USB_C_Receptacle_USB2.0_14P","","","","Connector_USB:USB_C_Receptacle_Amphenol_124019772112A","https://www.usb.org/sites/default/files/documents/usb_type-c.zip"
"L1","1","3.3u","","","","RP2350_60QFN_minimal:L_pol_2016","~"
"L2","1","10u","","","","Inductor_SMD:L_1206_3216Metric","~"
"Q1","1","Si1308EDL","","","","Package_TO_SOT_SMD:SOT-323_SC-70","https://www.vishay.com/docs/63399/si1308edl.pdf"
"R1","1","33","","","","Resistor_SMD:R_0402_1005Metric","~"
"R2,R3,R4","3","1k","","","","Resistor_SMD:R_0402_1005Metric","~"
"R5,R6","2","27","","","","Resistor_SMD:R_0402_1005Metric","~"
"R7,R9,R10,R11,R12,R13,R14,R15,R16,R17,R18,R19,R20,R21,R26,R27","16","10k","","","","Resistor_SMD:R_0402_1005Metric","~"
"R8","1","3","","","","Resistor_SMD:R_0402_1005Metric","~"
"R22,R23,R24,R25","4","3.9k","","","","Resistor_SMD:R_0402_1005Metric","~"
"R28,R29","2","5k1","","","","Resistor_SMD:R_0402_1005Metric","~"
"SW1,SW2,SW4,SW5,SW6,SW7","6","SW_Push","","","","Button_Switch_SMD:SW_Push_1P1T_NO_CK_KMR2","~"
"SW3","1","RotaryEncoder_Switch_MP","","","","Rotary_Encoder:RotaryEncoder_Alps_EC11E-Switch_Vertical_H20mm","~"
"U1","1","RP2350_60QFN","","","","RP2350_60QFN_minimal:RP2350-QFN-60-1EP_7x7_P0.4mm_EP3.4x3.4mm_ThermalVias",""
"U2","1","~","","","","USER Library:FPC_24_TOP_CONTACTS",""
"U3","1","~","","","","USER Library:RDA5807M module",""
"U4","1","TS5A23159DGS","","","","Package_SO:VSSOP-10_3x3mm_P0.5mm","http://www.ti.com/lit/ds/symlink/ts5a23159.pdf"
"U5","1","TDA1308","","","","Package_SO:SOIC-8_3.9x4.9mm_P1.27mm","https://www.nxp.com/docs/en/data-sheet/TDA1308.pdf"
"U6","1","NCP1117-3.3_SOT223","","","","Package_TO_SOT_SMD:SOT-223-3_TabPin2","http://www.onsemi.com/pub_link/Collateral/NCP1117-D.PDF"
"Y1","1","Crystal_GND24","","","","Crystal:Crystal_SMD_Abracon_ABM8G-4Pin_3.2x2.5mm","~"
